School Type,Total Students,Total Budget,Average Math Score,Average Reading Score,% Passing Math,% Passing Reading,% Overall Passing
District,3999,2547363,76.84271067766942,80.74468617154288,66.36659164791197,80.22005501375344,73.2933233308327
District,2949,1884411,76.71176670057646,81.15801966768396,65.98847066802306,80.73923363852154,73.36385215327229
District,2917,1910635,76.62941378128214,81.18272197463148,65.68392183750429,81.31642098045938,73.50017140898183
District,4761,3094650,77.07246376811594,80.96639361478681,66.0575509346776,81.2224322621298,73.6399915984037
District,2739,1763916,77.10259218692954,80.74625775830594,68.3096020445418,79.29901423877328,73.80430814165754
