School Type,Total Students,Total Budget,Average Math Score,Average Reading Score,% Passing Math,% Passing Reading,% Overall Passing
Charter,1858,1081356,83.06189451022605,83.97578040904197,94.1334768568353,97.03982777179763,95.58665231431647
Charter,1635,1043130,83.4183486238532,83.84892966360856,93.27217125382263,97.30886850152906,95.29051987767585
Charter,962,585858,83.83991683991684,84.04469854469855,94.5945945945946,95.94594594594594,95.27027027027026
Charter,1468,917500,83.35149863760218,83.816757493188,93.39237057220708,97.13896457765668,95.26566757493188
Charter,2283,1319574,83.2742006132282,83.98948751642575,93.8677179150241,96.53964082347788,95.20367936925099
